split_layer,drop_rate,accuracy
0,0.0,0.703
0,0.05,0.696
0,0.1,0.692
0,0.15,0.69
0,0.2,0.696
0,0.25,0.696
0,0.3,0.694
0,0.35,0.698
0,0.4,0.682
0,0.45,0.639
0,0.5,0.586
0,0.55,0.557
0,0.6,0.509
0,0.65,0.43
0,0.7,0.268
0,0.75,0.056
0,0.8,0.059
0,0.85,0.029
0,0.9,0.018
0,0.95,0.012
1,0.0,0.703
1,0.05,0.696
1,0.1,0.692
1,0.15,0.69
1,0.2,0.696
1,0.25,0.696
1,0.3,0.694
1,0.35,0.698
1,0.4,0.682
1,0.45,0.639
1,0.5,0.586
1,0.55,0.557
1,0.6,0.509
1,0.65,0.43
1,0.7,0.268
1,0.75,0.056
1,0.8,0.059
1,0.85,0.029
1,0.9,0.018
1,0.95,0.012
2,0.0,0.703
2,0.05,0.693
2,0.1,0.684
2,0.15,0.672
2,0.2,0.661
2,0.25,0.65
2,0.3,0.606
2,0.35,0.581
2,0.4,0.495
2,0.45,0.388
2,0.5,0.296
2,0.55,0.233
2,0.6,0.173
2,0.65,0.126
2,0.7,0.067
2,0.75,0.017
2,0.8,0.01
2,0.85,0.015
2,0.9,0.008
2,0.95,0.003
3,0.0,0.703
3,0.05,0.693
3,0.1,0.684
3,0.15,0.672
3,0.2,0.661
3,0.25,0.65
3,0.3,0.606
3,0.35,0.581
3,0.4,0.495
3,0.45,0.388
3,0.5,0.296
3,0.55,0.233
3,0.6,0.173
3,0.65,0.126
3,0.7,0.067
3,0.75,0.017
3,0.8,0.01
3,0.85,0.015
3,0.9,0.008
3,0.95,0.003
4,0.0,0.703
4,0.05,0.693
4,0.1,0.684
4,0.15,0.672
4,0.2,0.661
4,0.25,0.65
4,0.3,0.609
4,0.35,0.581
4,0.4,0.496
4,0.45,0.39
4,0.5,0.296
4,0.55,0.233
4,0.6,0.173
4,0.65,0.126
4,0.7,0.067
4,0.75,0.017
4,0.8,0.01
4,0.85,0.015
4,0.9,0.008
4,0.95,0.003
5,0.0,0.703
5,0.05,0.706
5,0.1,0.704
5,0.15,0.698
5,0.2,0.687
5,0.25,0.689
5,0.3,0.688
5,0.35,0.678
5,0.4,0.666
5,0.45,0.642
5,0.5,0.47
5,0.55,0.426
5,0.6,0.325
5,0.65,0.334
5,0.7,0.252
5,0.75,0.226
5,0.8,0.166
5,0.85,0.053
5,0.9,0.024
5,0.95,0.007
6,0.0,0.703
6,0.05,0.706
6,0.1,0.704
6,0.15,0.698
6,0.2,0.687
6,0.25,0.689
6,0.3,0.688
6,0.35,0.678
6,0.4,0.666
6,0.45,0.642
6,0.5,0.47
6,0.55,0.426
6,0.6,0.325
6,0.65,0.334
6,0.7,0.252
6,0.75,0.226
6,0.8,0.166
6,0.85,0.053
6,0.9,0.024
6,0.95,0.007
7,0.0,0.703
7,0.05,0.702
7,0.1,0.668
7,0.15,0.651
7,0.2,0.61
7,0.25,0.632
7,0.3,0.645
7,0.35,0.533
7,0.4,0.498
7,0.45,0.406
7,0.5,0.324
7,0.55,0.193
7,0.6,0.125
7,0.65,0.082
7,0.7,0.023
7,0.75,0.006
7,0.8,0.006
7,0.85,0.004
7,0.9,0.005
7,0.95,0.006
8,0.0,0.703
8,0.05,0.702
8,0.1,0.668
8,0.15,0.651
8,0.2,0.61
8,0.25,0.632
8,0.3,0.645
8,0.35,0.533
8,0.4,0.498
8,0.45,0.406
8,0.5,0.324
8,0.55,0.193
8,0.6,0.125
8,0.65,0.082
8,0.7,0.023
8,0.75,0.006
8,0.8,0.006
8,0.85,0.004
8,0.9,0.005
8,0.95,0.006
9,0.0,0.703
9,0.05,0.702
9,0.1,0.668
9,0.15,0.651
9,0.2,0.61
9,0.25,0.632
9,0.3,0.645
9,0.35,0.535
9,0.4,0.497
9,0.45,0.406
9,0.5,0.324
9,0.55,0.193
9,0.6,0.125
9,0.65,0.083
9,0.7,0.023
9,0.75,0.006
9,0.8,0.006
9,0.85,0.004
9,0.9,0.005
9,0.95,0.006
10,0.0,0.703
10,0.05,0.7
10,0.1,0.7
10,0.15,0.679
10,0.2,0.685
10,0.25,0.668
10,0.3,0.665
10,0.35,0.636
10,0.4,0.612
10,0.45,0.585
10,0.5,0.556
10,0.55,0.518
10,0.6,0.457
10,0.65,0.328
10,0.7,0.249
10,0.75,0.124
10,0.8,0.091
10,0.85,0.034
10,0.9,0.013
10,0.95,0.006
11,0.0,0.703
11,0.05,0.7
11,0.1,0.7
11,0.15,0.679
11,0.2,0.685
11,0.25,0.668
11,0.3,0.665
11,0.35,0.636
11,0.4,0.612
11,0.45,0.585
11,0.5,0.556
11,0.55,0.518
11,0.6,0.457
11,0.65,0.328
11,0.7,0.249
11,0.75,0.124
11,0.8,0.091
11,0.85,0.034
11,0.9,0.013
11,0.95,0.006
12,0.0,0.703
12,0.05,0.704
12,0.1,0.697
12,0.15,0.69
12,0.2,0.673
12,0.25,0.666
12,0.3,0.655
12,0.35,0.639
12,0.4,0.616
12,0.45,0.586
12,0.5,0.544
12,0.55,0.476
12,0.6,0.39
12,0.65,0.293
12,0.7,0.271
12,0.75,0.186
12,0.8,0.105
12,0.85,0.026
12,0.9,0.006
12,0.95,0.002
13,0.0,0.703
13,0.05,0.704
13,0.1,0.697
13,0.15,0.69
13,0.2,0.673
13,0.25,0.666
13,0.3,0.655
13,0.35,0.639
13,0.4,0.616
13,0.45,0.586
13,0.5,0.544
13,0.55,0.476
13,0.6,0.39
13,0.65,0.293
13,0.7,0.271
13,0.75,0.186
13,0.8,0.105
13,0.85,0.026
13,0.9,0.006
13,0.95,0.002
14,0.0,0.703
14,0.05,0.698
14,0.1,0.705
14,0.15,0.688
14,0.2,0.682
14,0.25,0.669
14,0.3,0.649
14,0.35,0.625
14,0.4,0.61
14,0.45,0.58
14,0.5,0.583
14,0.55,0.508
14,0.6,0.433
14,0.65,0.37
14,0.7,0.23
14,0.75,0.06
14,0.8,0.058
14,0.85,0.042
14,0.9,0.012
14,0.95,0.001
15,0.0,0.703
15,0.05,0.698
15,0.1,0.705
15,0.15,0.688
15,0.2,0.682
15,0.25,0.669
15,0.3,0.649
15,0.35,0.625
15,0.4,0.61
15,0.45,0.58
15,0.5,0.583
15,0.55,0.508
15,0.6,0.433
15,0.65,0.37
15,0.7,0.23
15,0.75,0.06
15,0.8,0.058
15,0.85,0.042
15,0.9,0.012
15,0.95,0.001
16,0.0,0.703
16,0.05,0.699
16,0.1,0.687
16,0.15,0.677
16,0.2,0.648
16,0.25,0.637
16,0.3,0.61
16,0.35,0.58
16,0.4,0.528
16,0.45,0.484
16,0.5,0.443
16,0.55,0.378
16,0.6,0.299
16,0.65,0.253
16,0.7,0.164
16,0.75,0.113
16,0.8,0.05
16,0.85,0.021
16,0.9,0.012
16,0.95,0.001
17,0.0,0.703
17,0.05,0.699
17,0.1,0.687
17,0.15,0.677
17,0.2,0.648
17,0.25,0.637
17,0.3,0.61
17,0.35,0.58
17,0.4,0.528
17,0.45,0.484
17,0.5,0.443
17,0.55,0.378
17,0.6,0.299
17,0.65,0.253
17,0.7,0.164
17,0.75,0.113
17,0.8,0.05
17,0.85,0.021
17,0.9,0.012
17,0.95,0.001
18,0.0,0.703
18,0.05,0.697
18,0.1,0.687
18,0.15,0.677
18,0.2,0.649
18,0.25,0.637
18,0.3,0.611
18,0.35,0.582
18,0.4,0.528
18,0.45,0.485
18,0.5,0.443
18,0.55,0.378
18,0.6,0.299
18,0.65,0.253
18,0.7,0.164
18,0.75,0.113
18,0.8,0.05
18,0.85,0.021
18,0.9,0.012
18,0.95,0.002
19,0.0,0.703
19,0.05,0.698
19,0.1,0.694
19,0.15,0.689
19,0.2,0.677
19,0.25,0.669
19,0.3,0.658
19,0.35,0.665
19,0.4,0.645
19,0.45,0.621
19,0.5,0.596
19,0.55,0.539
19,0.6,0.49
19,0.65,0.426
19,0.7,0.325
19,0.75,0.258
19,0.8,0.136
19,0.85,0.052
19,0.9,0.017
19,0.95,0.011
20,0.0,0.703
20,0.05,0.698
20,0.1,0.694
20,0.15,0.689
20,0.2,0.677
20,0.25,0.669
20,0.3,0.658
20,0.35,0.665
20,0.4,0.645
20,0.45,0.621
20,0.5,0.596
20,0.55,0.539
20,0.6,0.49
20,0.65,0.426
20,0.7,0.325
20,0.75,0.258
20,0.8,0.136
20,0.85,0.052
20,0.9,0.017
20,0.95,0.011
21,0.0,0.703
21,0.05,0.698
21,0.1,0.698
21,0.15,0.695
21,0.2,0.677
21,0.25,0.676
21,0.3,0.667
21,0.35,0.639
21,0.4,0.623
21,0.45,0.589
21,0.5,0.558
21,0.55,0.495
21,0.6,0.439
21,0.65,0.424
21,0.7,0.303
21,0.75,0.167
21,0.8,0.125
21,0.85,0.06
21,0.9,0.021
21,0.95,0.009
22,0.0,0.703
22,0.05,0.698
22,0.1,0.698
22,0.15,0.695
22,0.2,0.677
22,0.25,0.676
22,0.3,0.667
22,0.35,0.639
22,0.4,0.623
22,0.45,0.589
22,0.5,0.558
22,0.55,0.495
22,0.6,0.439
22,0.65,0.424
22,0.7,0.303
22,0.75,0.167
22,0.8,0.125
22,0.85,0.06
22,0.9,0.021
22,0.95,0.009
23,0.0,0.703
23,0.05,0.697
23,0.1,0.694
23,0.15,0.69
23,0.2,0.672
23,0.25,0.668
23,0.3,0.65
23,0.35,0.627
23,0.4,0.618
23,0.45,0.598
23,0.5,0.566
23,0.55,0.528
23,0.6,0.475
23,0.65,0.443
23,0.7,0.385
23,0.75,0.292
23,0.8,0.216
23,0.85,0.116
23,0.9,0.071
23,0.95,0.021
24,0.0,0.703
24,0.05,0.697
24,0.1,0.694
24,0.15,0.69
24,0.2,0.672
24,0.25,0.668
24,0.3,0.65
24,0.35,0.627
24,0.4,0.618
24,0.45,0.598
24,0.5,0.566
24,0.55,0.528
24,0.6,0.475
24,0.65,0.443
24,0.7,0.385
24,0.75,0.292
24,0.8,0.216
24,0.85,0.116
24,0.9,0.071
24,0.95,0.021
25,0.0,0.703
25,0.05,0.696
25,0.1,0.689
25,0.15,0.668
25,0.2,0.661
25,0.25,0.651
25,0.3,0.62
25,0.35,0.611
25,0.4,0.59
25,0.45,0.552
25,0.5,0.547
25,0.55,0.492
25,0.6,0.455
25,0.65,0.392
25,0.7,0.329
25,0.75,0.267
25,0.8,0.216
25,0.85,0.104
25,0.9,0.039
25,0.95,0.015
26,0.0,0.703
26,0.05,0.696
26,0.1,0.689
26,0.15,0.668
26,0.2,0.661
26,0.25,0.651
26,0.3,0.62
26,0.35,0.611
26,0.4,0.59
26,0.45,0.552
26,0.5,0.547
26,0.55,0.492
26,0.6,0.455
26,0.65,0.392
26,0.7,0.329
26,0.75,0.267
26,0.8,0.216
26,0.85,0.104
26,0.9,0.039
26,0.95,0.015
27,0.0,0.703
27,0.05,0.696
27,0.1,0.689
27,0.15,0.668
27,0.2,0.661
27,0.25,0.651
27,0.3,0.619
27,0.35,0.611
27,0.4,0.59
27,0.45,0.552
27,0.5,0.547
27,0.55,0.493
27,0.6,0.455
27,0.65,0.392
27,0.7,0.328
27,0.75,0.267
27,0.8,0.215
27,0.85,0.104
27,0.9,0.039
27,0.95,0.015
28,0.0,0.703
28,0.05,0.695
28,0.1,0.689
28,0.15,0.684
28,0.2,0.671
28,0.25,0.644
28,0.3,0.625
28,0.35,0.609
28,0.4,0.603
28,0.45,0.561
28,0.5,0.53
28,0.55,0.474
28,0.6,0.443
28,0.65,0.363
28,0.7,0.319
28,0.75,0.234
28,0.8,0.154
28,0.85,0.083
28,0.9,0.057
28,0.95,0.02
29,0.0,0.703
29,0.05,0.695
29,0.1,0.689
29,0.15,0.684
29,0.2,0.671
29,0.25,0.644
29,0.3,0.625
29,0.35,0.609
29,0.4,0.603
29,0.45,0.561
29,0.5,0.53
29,0.55,0.474
29,0.6,0.443
29,0.65,0.363
29,0.7,0.319
29,0.75,0.234
29,0.8,0.154
29,0.85,0.083
29,0.9,0.057
29,0.95,0.02
30,0.0,0.703
30,0.05,0.694
30,0.1,0.679
30,0.15,0.677
30,0.2,0.653
30,0.25,0.648
30,0.3,0.624
30,0.35,0.611
30,0.4,0.598
30,0.45,0.579
30,0.5,0.55
30,0.55,0.503
30,0.6,0.46
30,0.65,0.397
30,0.7,0.326
30,0.75,0.272
30,0.8,0.216
30,0.85,0.142
30,0.9,0.081
30,0.95,0.035
31,0.0,0.703
31,0.05,0.694
31,0.1,0.679
31,0.15,0.677
31,0.2,0.653
31,0.25,0.648
31,0.3,0.624
31,0.35,0.611
31,0.4,0.598
31,0.45,0.579
31,0.5,0.55
31,0.55,0.503
31,0.6,0.46
31,0.65,0.397
31,0.7,0.326
31,0.75,0.272
31,0.8,0.216
31,0.85,0.142
31,0.9,0.081
31,0.95,0.035
32,0.0,0.703
32,0.05,0.695
32,0.1,0.686
32,0.15,0.681
32,0.2,0.661
32,0.25,0.647
32,0.3,0.627
32,0.35,0.625
32,0.4,0.6
32,0.45,0.558
32,0.5,0.528
32,0.55,0.495
32,0.6,0.454
32,0.65,0.396
32,0.7,0.342
32,0.75,0.296
32,0.8,0.217
32,0.85,0.125
32,0.9,0.066
32,0.95,0.031
33,0.0,0.703
33,0.05,0.695
33,0.1,0.686
33,0.15,0.681
33,0.2,0.661
33,0.25,0.647
33,0.3,0.627
33,0.35,0.625
33,0.4,0.6
33,0.45,0.558
33,0.5,0.528
33,0.55,0.495
33,0.6,0.454
33,0.65,0.396
33,0.7,0.342
33,0.75,0.296
33,0.8,0.217
33,0.85,0.125
33,0.9,0.066
33,0.95,0.031
34,0.0,0.703
34,0.05,0.702
34,0.1,0.689
34,0.15,0.682
34,0.2,0.669
34,0.25,0.657
34,0.3,0.654
34,0.35,0.635
34,0.4,0.616
34,0.45,0.597
34,0.5,0.569
34,0.55,0.548
34,0.6,0.511
34,0.65,0.453
34,0.7,0.393
34,0.75,0.351
34,0.8,0.265
34,0.85,0.181
34,0.9,0.11
34,0.95,0.032
35,0.0,0.703
35,0.05,0.702
35,0.1,0.689
35,0.15,0.682
35,0.2,0.669
35,0.25,0.657
35,0.3,0.654
35,0.35,0.635
35,0.4,0.616
35,0.45,0.597
35,0.5,0.569
35,0.55,0.548
35,0.6,0.511
35,0.65,0.453
35,0.7,0.393
35,0.75,0.351
35,0.8,0.265
35,0.85,0.181
35,0.9,0.11
35,0.95,0.032
36,0.0,0.703
36,0.05,0.702
36,0.1,0.689
36,0.15,0.682
36,0.2,0.669
36,0.25,0.657
36,0.3,0.654
36,0.35,0.634
36,0.4,0.616
36,0.45,0.597
36,0.5,0.569
36,0.55,0.548
36,0.6,0.511
36,0.65,0.452
36,0.7,0.393
36,0.75,0.351
36,0.8,0.266
36,0.85,0.182
36,0.9,0.109
36,0.95,0.032
